<?xml version="1.0" encoding="UTF-8"?><?xml-stylesheet type='text/xsl' href='_UpgradeReport_Files/UpgradeReport.xslt'?><UpgradeLog>
<Properties><Property Name="Solution" Value="myOpenGL">
</Property><Property Name="Solution File" Value="C:\LECTURES\LECTURES contents\2012-13\CG\C#\P9\texturedOGL CUBE\myOpenGL.sln">
</Property><Property Name="User Options File" Value="C:\LECTURES\LECTURES contents\2012-13\CG\C#\P9\texturedOGL CUBE\myOpenGL.suo">
</Property><Property Name="Date" Value="Friday, December 27, 2013">
</Property><Property Name="Time" Value="12:13 PM">
</Property></Properties><Event ErrorLevel="0" Project="" Source="myOpenGL.sln" Description="File successfully backed up as C:\LECTURES\LECTURES contents\2012-13\CG\C#\P9\texturedOGL CUBE\Backup\myOpenGL.sln">
</Event><Event ErrorLevel="0" Project="" Source="myOpenGL.suo" Description="File successfully backed up as C:\LECTURES\LECTURES contents\2012-13\CG\C#\P9\texturedOGL CUBE\Backup\myOpenGL.suo">
</Event><Event ErrorLevel="0" Project="myOpenGL" Source="myOpenGL\myOpenGL.csproj" Description="Project file successfully backed up as C:\LECTURES\LECTURES contents\2012-13\CG\C#\P9\texturedOGL CUBE\Backup\myOpenGL\myOpenGL.csproj">
</Event><Event ErrorLevel="0" Project="myOpenGL" Source="myOpenGL\cOGL.cs" Description="File successfully backed up as C:\LECTURES\LECTURES contents\2012-13\CG\C#\P9\texturedOGL CUBE\Backup\myOpenGL\cOGL.cs">
</Event><Event ErrorLevel="0" Project="myOpenGL" Source="myOpenGL\Form1.cs" Description="File successfully backed up as C:\LECTURES\LECTURES contents\2012-13\CG\C#\P9\texturedOGL CUBE\Backup\myOpenGL\Form1.cs">
</Event><Event ErrorLevel="0" Project="myOpenGL" Source="myOpenGL\Form1.Designer.cs" Description="File successfully backed up as C:\LECTURES\LECTURES contents\2012-13\CG\C#\P9\texturedOGL CUBE\Backup\myOpenGL\Form1.Designer.cs">
</Event><Event ErrorLevel="0" Project="myOpenGL" Source="myOpenGL\GLU.cs" Description="File successfully backed up as C:\LECTURES\LECTURES contents\2012-13\CG\C#\P9\texturedOGL CUBE\Backup\myOpenGL\GLU.cs">
</Event><Event ErrorLevel="0" Project="myOpenGL" Source="myOpenGL\GLUT.cs" Description="File successfully backed up as C:\LECTURES\LECTURES contents\2012-13\CG\C#\P9\texturedOGL CUBE\Backup\myOpenGL\GLUT.cs">
</Event><Event ErrorLevel="0" Project="myOpenGL" Source="myOpenGL\OpenGL.cs" Description="File successfully backed up as C:\LECTURES\LECTURES contents\2012-13\CG\C#\P9\texturedOGL CUBE\Backup\myOpenGL\OpenGL.cs">
</Event><Event ErrorLevel="0" Project="myOpenGL" Source="myOpenGL\Program.cs" Description="File successfully backed up as C:\LECTURES\LECTURES contents\2012-13\CG\C#\P9\texturedOGL CUBE\Backup\myOpenGL\Program.cs">
</Event><Event ErrorLevel="0" Project="myOpenGL" Source="myOpenGL\Properties\AssemblyInfo.cs" Description="File successfully backed up as C:\LECTURES\LECTURES contents\2012-13\CG\C#\P9\texturedOGL CUBE\Backup\myOpenGL\Properties\AssemblyInfo.cs">
</Event><Event ErrorLevel="0" Project="myOpenGL" Source="myOpenGL\Properties\Resources.Designer.cs" Description="File successfully backed up as C:\LECTURES\LECTURES contents\2012-13\CG\C#\P9\texturedOGL CUBE\Backup\myOpenGL\Properties\Resources.Designer.cs">
</Event><Event ErrorLevel="0" Project="myOpenGL" Source="myOpenGL\Properties\Settings.Designer.cs" Description="File successfully backed up as C:\LECTURES\LECTURES contents\2012-13\CG\C#\P9\texturedOGL CUBE\Backup\myOpenGL\Properties\Settings.Designer.cs">
</Event><Event ErrorLevel="0" Project="myOpenGL" Source="myOpenGL\Vector.cs" Description="File successfully backed up as C:\LECTURES\LECTURES contents\2012-13\CG\C#\P9\texturedOGL CUBE\Backup\myOpenGL\Vector.cs">
</Event><Event ErrorLevel="0" Project="myOpenGL" Source="myOpenGL\WGL.cs" Description="File successfully backed up as C:\LECTURES\LECTURES contents\2012-13\CG\C#\P9\texturedOGL CUBE\Backup\myOpenGL\WGL.cs">
</Event><Event ErrorLevel="0" Project="myOpenGL" Source="myOpenGL\Properties\Settings.settings" Description="File successfully backed up as C:\LECTURES\LECTURES contents\2012-13\CG\C#\P9\texturedOGL CUBE\Backup\myOpenGL\Properties\Settings.settings">
</Event><Event ErrorLevel="0" Project="myOpenGL" Source="myOpenGL\Form1.resx" Description="File successfully backed up as C:\LECTURES\LECTURES contents\2012-13\CG\C#\P9\texturedOGL CUBE\Backup\myOpenGL\Form1.resx">
</Event><Event ErrorLevel="0" Project="myOpenGL" Source="myOpenGL\Properties\Resources.resx" Description="File successfully backed up as C:\LECTURES\LECTURES contents\2012-13\CG\C#\P9\texturedOGL CUBE\Backup\myOpenGL\Properties\Resources.resx">
</Event><Event ErrorLevel="1" Project="myOpenGL" Source="myOpenGL\myOpenGL.csproj" Description="Your project is targeting .NET Framework 2.0 or 3.0. If your project uses assemblies requiring a newer .NET Framework, your project will fail to build. You can change the .NET Framework version by clicking Properties on the project menu and then selecting a new version in the '.NET Framework' dropdown box. (In Visual Basic, this is located on the Compile tab by clicking the 'Advanced Compiler Options...' button.)">
</Event><Event ErrorLevel="0" Project="myOpenGL" Source="myOpenGL\myOpenGL.csproj" Description="Project converted successfully">
</Event><Event ErrorLevel="3" Project="myOpenGL" Source="myOpenGL\myOpenGL.csproj" Description="Converted">
</Event><Event ErrorLevel="0" Project="" Source="myOpenGL.sln" Description="Solution converted successfully">
</Event><Event ErrorLevel="3" Project="" Source="myOpenGL.sln" Description="Converted">
</Event><Event ErrorLevel="0" Project="myOpenGL" Source="myOpenGL\myOpenGL.csproj" Description="Scan complete: Upgrade not required for project files.">
</Event></UpgradeLog>